日付,曜日,1,2,3,4,5,6,7,8
2021/7/1,木,,,,,,,,1
2021/7/2,金,,,,,,,,1
2021/7/3,土,,,,,,,,
2021/7/4,日,,,,,,,,
2021/7/5,月,,,,,,,,1
2021/7/6,火,,,,,,,1,1
2021/7/7,水,,,,,,,,1
2021/7/8,木,,,,,,,,1
2021/7/9,金,,,,,,,,1
2021/7/10,土,,,,,,,,
2021/7/11,日,,,,,,,,
2021/7/12,月,,,,,,,,1
2021/7/13,火,,,,,,,1,1
2021/7/14,水,,,,,,,,1
2021/7/15,木,,,,,,,,1
2021/7/16,金,,,,,,,,1
2021/7/17,土,,,,,,,,
2021/7/18,日,,,,,,,,
2021/7/19,月,,,,,,,,1
2021/7/20,火,,,,,,,1,1
2021/7/21,水,,,,,,,,1
2021/7/22,木,,,,,,,,1
2021/7/23,金,,,,,,,,1
2021/7/24,土,,,,,,,,
2021/7/25,日,,,,,,,,
2021/7/26,月,,,,,,,,1
2021/7/27,火,,,,,,,1,1
2021/7/28,水,,,,,,,,1
2021/7/29,木,,,,,,,,1
2021/7/30,金,,,,,,,,1
2021/7/31,土,,,,,,,,
2021/8/1,日,,,,,,,,
2021/8/2,月,,,,,,,,1
2021/8/3,火,,,,,,,1,1
2021/8/4,水,,,,,,,,1
2021/8/5,木,,,,,,,,1
2021/8/6,金,,,,,,,,1
2021/8/7,土,,,,,,,,
2021/8/8,日,,,,,,,,
2021/8/9,月,,,,,,,,1
2021/8/10,火,,,,,,,1,1
2021/8/11,水,,,,,,,,1
2021/8/12,木,,,,,,,,1
2021/8/13,金,,,,,,,,1
2021/8/14,土,,,,,,,,
2021/8/15,日,,,,,,,,
2021/8/16,月,,,,,,,,1
2021/8/17,火,,,,,,,1,1
2021/8/18,水,,,,,,,,1
2021/8/19,木,,,,,,,,1
2021/8/20,金,,,,,,,,1
2021/8/21,土,,,,,,,,
2021/8/22,日,,,,,,,,
2021/8/23,月,,,,,,,,1
2021/8/24,火,,,,,,,1,1
2021/8/25,水,,,,,,,,1
2021/8/26,木,,,,,,,,1
2021/8/27,金,,,,,,,,1
2021/8/28,土,,,,,,,,
2021/8/29,日,,,,,,,,
2021/8/30,月,,,,,,,,1
2021/8/31,火,,,,,,,1,1
